{
    "classification_report": {
        "Churn_0": {
            "precision": 0.6890243902439024,
            "recall": 1.0,
            "f1-score": 0.8158844765342961,
            "support": 452.0
        },
        "Churn_1": {
            "precision": 0.0,
            "recall": 0.0,
            "f1-score": 0.0,
            "support": 204.0
        },
        "accuracy": 0.6890243902439024,
        "macro avg": {
            "precision": 0.3445121951219512,
            "recall": 0.5,
            "f1-score": 0.40794223826714804,
            "support": 656.0
        },
        "weighted avg": {
            "precision": 0.47475461035098154,
            "recall": 0.6890243902439024,
            "f1-score": 0.5621643039535089,
            "support": 656.0
        },
        "auc": 0.6890243902439024
    },
    "auc": 0.6890243902439024,
    "ATE": null,
    "placebo_test": null
}