{
    "classification_report": {
        "0": {
            "precision": 0.8185404339250493,
            "recall": 0.918141592920354,
            "f1-score": 0.8654848800834203,
            "support": 452.0
        },
        "1": {
            "precision": 0.7516778523489933,
            "recall": 0.5490196078431373,
            "f1-score": 0.6345609065155807,
            "support": 204.0
        },
        "accuracy": 0.8033536585365854,
        "macro avg": {
            "precision": 0.7851091431370213,
            "recall": 0.7335806003817457,
            "f1-score": 0.7500228932995006,
            "support": 656.0
        },
        "weighted avg": {
            "precision": 0.7977478018495684,
            "recall": 0.8033536585365854,
            "f1-score": 0.7936731565958604,
            "support": 656.0
        }
    },
    "auc": 0.8702173347214992,
    "ATE": null,
    "placebo_test": null
}