{
    "classification_report": {
        "Churn_0": {
            "precision": 0.7685009487666035,
            "recall": 0.8960176991150443,
            "f1-score": 0.8273748723186926,
            "support": 452.0
        },
        "Churn_1": {
            "precision": 0.6356589147286822,
            "recall": 0.4019607843137255,
            "f1-score": 0.4924924924924925,
            "support": 204.0
        },
        "accuracy": 0.7423780487804879,
        "macro avg": {
            "precision": 0.7020799317476428,
            "recall": 0.6489892417143849,
            "f1-score": 0.6599336824055926,
            "support": 656.0
        },
        "weighted avg": {
            "precision": 0.7271903162304206,
            "recall": 0.7423780487804879,
            "f1-score": 0.723234620055667,
            "support": 656.0
        },
        "auc": 0.8138408127602618
    },
    "auc": 0.8138408127602618,
    "ATE": 0.22804436850723017,
    "placebo_test": {
        "t_stat_1_0": 0.0,
        "p_val_1_0": 1.0,
        "t_stat_1_neg1": 0.0,
        "p_val_1_neg1": 1.0,
        "t_stat_0_neg1": 0.0,
        "p_val_0_neg1": 1.0
    }
}